<?xml version="1.0" encoding="ISO-8859-1"?>
<!--
  ~ Copyright (C) 2019 jsonwebtoken.io
  ~
  ~ Licensed under the Apache License, Version 2.0 (the "License");
  ~ you may not use this file except in compliance with the License.
  ~ You may obtain a copy of the License at
  ~
  ~     http://www.apache.org/licenses/LICENSE-2.0
  ~
  ~ Unless required by applicable law or agreed to in writing, software
  ~ distributed under the License is distributed on an "AS IS" BASIS,
  ~ WITHOUT WARRANTIES OR CONDITIONS OF ANY KIND, either express or implied.
  ~ See the License for the specific language governing permissions and
  ~ limitations under the License.
  -->
<additionalHeaders>
    <xml_style>
        <firstLine><![CDATA[<!--]]></firstLine>
        <beforeEachLine>  ~ </beforeEachLine>
        <endLine><![CDATA[  -->]]></endLine>
        <skipLine><![CDATA[^<\?xml.*>$]]></skipLine>
        <firstLineDetectionPattern><![CDATA[(\s|\t)*<!--.*$]]></firstLineDetectionPattern>
        <lastLineDetectionPattern><![CDATA[.*-->(\s|\t)*$]]></lastLineDetectionPattern>
        <allowBlankLines>false</allowBlankLines>
        <isMultiline>true</isMultiline>
        <padLines>false</padLines>
    </xml_style>
    <javadoc_style>
        <firstLine>/*</firstLine>
        <beforeEachLine> * </beforeEachLine>
        <endLine> */</endLine>
        <firstLineDetectionPattern>(\s|\t)*/\*.*$</firstLineDetectionPattern>
        <lastLineDetectionPattern>.*\*/(\s|\t)*$</lastLineDetectionPattern>
        <allowBlankLines>false</allowBlankLines>
        <isMultiline>true</isMultiline>
        <padLines>false</padLines>
    </javadoc_style>
</additionalHeaders>